0,2022-09-09 15:18:48.491,325.0,-195.4,1.946,-180.0,3.528
1,2022-09-09 15:18:48.605,325.0,-195.4,1.882,-180.0,5.292
2,2022-09-09 15:18:48.701,325.0,-195.4,1.794,-180.0,7.056
3,2022-09-09 15:18:48.813,325.0,-195.4,1.681,-180.0,8.82
4,2022-09-09 15:18:48.908,325.0,-195.4,1.544,-180.0,10.584
5,2022-09-09 15:18:49.005,325.0,-195.4,1.383,-180.0,12.348
6,2022-09-09 15:18:49.101,325.0,-195.4,1.196,-180.0,14.112
7,2022-09-09 15:18:49.197,325.0,-195.4,0.986,-180.0,15.876
8,2022-09-09 15:18:49.292,325.0,-195.4,0.751,-180.0,17.64
9,2022-09-09 15:18:49.388,325.0,-195.4,0.491,-180.0,19.404
10,2022-09-09 15:18:49.484,325.0,-195.4,0.207,-180.0,21.168
11,2022-09-09 15:18:49.597,325.0,-195.4,-0.054,-180.0,13.79
12,2022-09-09 15:18:49.693,324.993,-195.4,-0.068,179.989,1.633
13,2022-09-09 15:18:49.805,324.947,-195.4,-0.057,179.96,4.679
14,2022-09-09 15:18:49.901,324.864,-195.399,-0.044,179.903,6.989
15,2022-09-09 15:18:49.997,324.75,-195.397,-0.033,179.838,9.014
16,2022-09-09 15:18:50.108,324.611,-195.395,-0.024,179.761,10.71
17,2022-09-09 15:18:50.204,324.45,-195.392,-0.017,179.675,12.207
18,2022-09-09 15:18:50.300,324.269,-195.389,-0.011,179.583,13.592
19,2022-09-09 15:18:50.396,324.07,-195.385,-0.008,179.486,14.912
20,2022-09-09 15:18:50.492,323.852,-195.381,-0.005,179.387,16.193
21,2022-09-09 15:18:50.588,323.617,-195.376,-0.003,179.286,17.45
22,2022-09-09 15:18:50.685,323.364,-195.371,-0.001,179.196,18.69
23,2022-09-09 15:18:50.796,323.095,-195.365,-0.0,179.114,19.8
24,2022-09-09 15:18:50.893,322.818,-195.359,0.0,179.037,20.191
25,2022-09-09 15:18:50.989,322.533,-195.353,0.001,178.966,20.738
26,2022-09-09 15:18:51.085,322.237,-195.346,0.001,178.909,21.706
27,2022-09-09 15:18:51.181,321.928,-195.339,0.001,178.868,22.686
28,2022-09-09 15:18:51.276,321.6,-195.332,0.001,178.822,24.188
29,2022-09-09 15:18:51.372,321.257,-195.324,0.001,178.793,25.246
30,2022-09-09 15:18:51.468,320.895,-195.316,0.001,178.778,26.581
31,2022-09-09 15:18:51.566,320.515,-195.307,0.001,178.759,27.89
32,2022-09-09 15:18:51.661,320.116,-195.299,0.001,178.747,29.227
33,2022-09-09 15:18:51.757,319.702,-195.29,0.001,178.754,30.213
34,2022-09-09 15:18:51.853,319.275,-195.281,0.001,178.771,31.007
35,2022-09-09 15:18:51.949,318.842,-195.272,0.001,178.799,31.36
36,2022-09-09 15:18:52.047,318.404,-195.263,0.001,178.835,31.603
37,2022-09-09 15:18:52.141,317.965,-195.255,0.002,178.875,31.579
38,2022-09-09 15:18:52.252,317.527,-195.247,0.002,178.92,31.603
39,2022-09-09 15:18:52.348,317.089,-195.24,0.002,178.969,31.48
40,2022-09-09 15:18:52.444,316.652,-195.233,0.002,179.022,31.47
41,2022-09-09 15:18:52.540,316.216,-195.226,0.002,179.078,31.341
42,2022-09-09 15:18:52.637,315.781,-195.22,0.002,179.136,31.328
43,2022-09-09 15:18:52.733,315.347,-195.215,0.002,179.193,31.187
44,2022-09-09 15:18:52.829,314.914,-195.209,0.002,179.248,31.153
45,2022-09-09 15:18:52.925,314.483,-195.204,0.002,179.301,30.986
46,2022-09-09 15:18:53.021,314.053,-195.2,0.002,179.352,30.93
47,2022-09-09 15:18:53.117,313.625,-195.196,0.002,179.401,30.748
48,2022-09-09 15:18:53.212,313.198,-195.192,0.002,179.448,30.691
49,2022-09-09 15:18:53.324,312.773,-195.189,0.002,179.493,30.515
50,2022-09-09 15:18:53.419,312.35,-195.186,0.002,179.536,30.474
51,2022-09-09 15:18:53.516,311.928,-195.183,0.002,179.575,30.321
52,2022-09-09 15:18:53.613,311.507,-195.18,0.002,179.611,30.305
53,2022-09-09 15:18:53.709,311.087,-195.178,0.002,179.645,30.177
54,2022-09-09 15:18:53.805,310.668,-195.176,0.002,179.677,30.185
55,2022-09-09 15:18:53.902,310.25,-195.174,0.002,179.706,30.078
56,2022-09-09 15:18:53.997,309.832,-195.172,0.002,179.733,30.105
57,2022-09-09 15:18:54.093,309.414,-195.171,0.002,179.759,30.014
58,2022-09-09 15:18:54.189,308.997,-195.169,0.002,179.781,30.054
59,2022-09-09 15:18:54.284,308.58,-195.168,0.002,179.802,29.973
60,2022-09-09 15:18:54.380,308.164,-195.167,0.002,179.821,30.022
61,2022-09-09 15:18:54.491,307.747,-195.166,0.002,179.838,29.949
62,2022-09-09 15:18:54.572,307.331,-195.165,0.002,179.854,30.004
63,2022-09-09 15:18:54.684,306.915,-195.164,0.002,179.869,29.936
64,2022-09-09 15:18:54.780,306.499,-195.163,0.002,179.882,29.995
65,2022-09-09 15:18:54.876,306.082,-195.163,0.002,179.894,29.931
66,2022-09-09 15:18:54.972,305.666,-195.162,0.002,179.904,29.994
67,2022-09-09 15:18:55.069,305.25,-195.161,0.002,179.914,29.932
68,2022-09-09 15:18:55.165,304.834,-195.161,0.002,179.923,29.996
69,2022-09-09 15:18:55.275,304.418,-195.161,0.002,179.931,29.935
70,2022-09-09 15:18:55.372,304.001,-195.16,0.002,179.938,30.0
71,2022-09-09 15:18:55.468,303.585,-195.16,0.002,179.944,29.939
72,2022-09-09 15:18:55.564,303.169,-195.159,0.002,179.949,30.004
73,2022-09-09 15:18:55.661,302.753,-195.159,0.002,179.954,29.943
74,2022-09-09 15:18:55.757,302.336,-195.159,0.002,179.959,30.008
75,2022-09-09 15:18:55.853,301.92,-195.159,0.002,179.963,29.947
76,2022-09-09 15:18:55.949,301.504,-195.158,0.002,179.967,30.011
77,2022-09-09 15:18:56.045,301.087,-195.158,0.002,179.97,29.95
78,2022-09-09 15:18:56.141,300.671,-195.158,0.002,179.973,30.014
79,2022-09-09 15:18:56.236,300.254,-195.158,0.002,179.975,29.952
80,2022-09-09 15:18:56.332,299.838,-195.158,0.002,179.978,30.016
81,2022-09-09 15:18:56.428,299.422,-195.158,0.002,179.98,29.954
82,2022-09-09 15:18:56.524,299.005,-195.158,0.002,179.981,30.017
83,2022-09-09 15:18:56.621,298.589,-195.157,0.002,179.983,29.955
84,2022-09-09 15:18:56.717,298.172,-195.157,0.002,179.984,30.018
85,2022-09-09 15:18:56.813,297.756,-195.157,0.002,179.986,29.956
86,2022-09-09 15:18:56.893,297.339,-195.157,0.002,179.987,30.019
87,2022-09-09 15:18:57.005,296.923,-195.157,0.002,179.988,29.957
88,2022-09-09 15:18:57.101,296.506,-195.157,0.002,179.989,30.019
89,2022-09-09 15:18:57.197,296.09,-195.157,0.002,179.99,29.957
90,2022-09-09 15:18:57.292,295.673,-195.157,0.002,179.99,30.02
91,2022-09-09 15:18:57.387,295.257,-195.157,0.002,179.991,29.957
92,2022-09-09 15:18:57.484,294.84,-195.157,0.002,179.992,30.02
93,2022-09-09 15:18:57.565,294.424,-195.157,0.002,179.992,29.957
94,2022-09-09 15:18:57.661,294.007,-195.157,0.002,179.993,30.02
95,2022-09-09 15:18:57.758,293.591,-195.157,0.002,179.993,29.896
96,2022-09-09 15:18:57.870,293.177,-195.157,0.002,179.993,29.736
97,2022-09-09 15:18:57.982,292.767,-195.157,0.002,179.993,29.329
98,2022-09-09 15:18:58.078,292.363,-195.157,0.002,179.993,28.977
99,2022-09-09 15:18:58.189,291.965,-195.157,0.002,179.993,28.458
100,2022-09-09 15:18:58.268,291.572,-195.157,0.002,179.993,28.169
101,2022-09-09 15:18:58.396,291.183,-195.157,0.002,179.993,27.939
102,2022-09-09 15:18:58.508,290.794,-195.157,0.002,179.993,28.137
103,2022-09-09 15:18:58.606,290.4,-195.157,0.002,179.993,28.52
104,2022-09-09 15:18:58.702,289.997,-195.157,0.002,179.993,29.3
105,2022-09-09 15:18:58.796,289.584,-195.157,0.002,179.993,30.152
106,2022-09-09 15:18:58.893,289.155,-195.156,0.002,179.993,31.298
107,2022-09-09 15:18:58.989,288.711,-195.156,0.002,179.994,32.427
108,2022-09-09 15:18:59.085,288.25,-195.156,0.002,179.994,33.791
109,2022-09-09 15:18:59.182,287.769,-195.156,0.001,179.994,35.152
110,2022-09-09 15:18:59.277,287.269,-195.156,0.001,179.994,36.542
111,2022-09-09 15:18:59.371,286.75,-195.156,0.001,179.994,37.846
112,2022-09-09 15:18:59.467,286.214,-195.156,0.001,179.994,39.118
113,2022-09-09 15:18:59.564,285.66,-195.156,0.001,179.994,40.356
114,2022-09-09 15:18:59.661,285.09,-195.156,0.001,179.994,41.574
115,2022-09-09 15:18:59.772,284.502,-195.156,0.001,179.994,42.776
116,2022-09-09 15:18:59.856,283.898,-195.155,0.001,179.994,43.966
117,2022-09-09 15:18:59.949,283.278,-195.155,0.001,179.994,45.148
118,2022-09-09 15:19:00.046,282.641,-195.155,0.001,179.994,46.324
119,2022-09-09 15:19:00.141,281.988,-195.155,0.001,179.994,47.494
120,2022-09-09 15:19:00.236,281.318,-195.155,0.001,179.994,48.659
121,2022-09-09 15:19:00.331,280.633,-195.155,0.001,179.994,49.821
122,2022-09-09 15:19:00.429,279.931,-195.155,0.001,179.994,50.98
123,2022-09-09 15:19:00.524,279.214,-195.155,0.001,179.994,52.135
124,2022-09-09 15:19:00.621,278.48,-195.155,0.001,179.994,53.287
125,2022-09-09 15:19:00.717,277.73,-195.155,0.001,179.994,54.437
126,2022-09-09 15:19:00.800,276.965,-195.154,0.001,179.995,55.584
127,2022-09-09 15:19:00.894,276.183,-195.154,0.001,179.995,56.728
128,2022-09-09 15:19:00.991,275.386,-195.154,0.001,179.995,57.87
129,2022-09-09 15:19:01.087,274.572,-195.154,0.001,179.995,59.009
130,2022-09-09 15:19:01.182,273.743,-195.154,0.001,179.995,60.146
131,2022-09-09 15:19:01.277,272.899,-195.154,0.001,179.995,61.281
132,2022-09-09 15:19:01.372,272.038,-195.154,0.001,179.995,62.348
133,2022-09-09 15:19:01.469,271.166,-195.154,0.001,179.995,63.039
134,2022-09-09 15:19:01.565,270.289,-195.154,0.001,179.995,63.134
135,2022-09-09 15:19:01.662,269.415,-195.154,0.002,179.995,62.777
136,2022-09-09 15:19:01.742,268.548,-195.154,0.002,179.995,62.135
137,2022-09-09 15:19:01.838,267.692,-195.153,0.002,179.995,61.309
138,2022-09-09 15:19:01.920,266.848,-195.153,0.002,179.995,60.369
139,2022-09-09 15:19:02.015,266.019,-195.153,0.002,179.995,59.358
140,2022-09-09 15:19:02.110,265.203,-195.153,0.002,179.995,58.305
141,2022-09-09 15:19:02.190,264.402,-195.153,0.002,179.995,57.231
142,2022-09-09 15:19:02.284,263.616,-195.153,0.002,179.995,56.149
143,2022-09-09 15:19:02.381,262.846,-195.153,0.002,179.995,55.068
144,2022-09-09 15:19:02.461,262.09,-195.153,0.002,179.995,53.994
145,2022-09-09 15:19:02.557,261.349,-195.153,0.002,179.995,52.932
146,2022-09-09 15:19:02.638,260.622,-195.153,0.002,179.995,51.883
147,2022-09-09 15:19:02.734,259.91,-195.152,0.002,179.994,50.85
148,2022-09-09 15:19:02.830,259.213,-195.152,0.002,179.994,49.834
149,2022-09-09 15:19:02.910,258.529,-195.152,0.002,179.994,48.836
150,2022-09-09 15:19:03.006,257.859,-195.152,0.002,179.994,47.855
151,2022-09-09 15:19:03.087,257.202,-195.152,0.002,179.994,46.892
152,2022-09-09 15:19:03.182,256.559,-195.152,0.002,179.994,45.947
153,2022-09-09 15:19:03.277,255.928,-195.152,0.002,179.994,45.019
154,2022-09-09 15:19:03.357,255.311,-195.152,0.002,179.994,44.109
155,2022-09-09 15:19:03.453,254.705,-195.152,0.002,179.994,43.217
156,2022-09-09 15:19:03.533,254.112,-195.152,0.002,179.994,42.341
157,2022-09-09 15:19:03.630,253.532,-195.151,0.002,179.994,41.483
158,2022-09-09 15:19:03.710,252.962,-195.151,0.002,179.994,40.64
159,2022-09-09 15:19:03.806,252.405,-195.151,0.002,179.994,39.815
160,2022-09-09 15:19:03.902,251.859,-195.151,0.002,179.995,39.005
161,2022-09-09 15:19:03.982,251.323,-195.151,0.002,179.99,38.219
162,2022-09-09 15:19:04.078,250.799,-195.151,0.002,-179.998,37.455
163,2022-09-09 15:19:04.158,250.285,-195.151,0.002,179.985,36.732
164,2022-09-09 15:19:04.253,249.781,-195.151,0.002,-179.995,36.014
165,2022-09-09 15:19:04.348,249.286,-195.151,0.002,179.984,35.3
166,2022-09-09 15:19:04.444,248.802,-195.151,0.002,-179.994,34.594
167,2022-09-09 15:19:04.540,248.327,-195.151,0.002,179.984,33.897
168,2022-09-09 15:19:04.622,247.862,-195.151,0.002,-179.993,33.209
169,2022-09-09 15:19:04.718,247.407,-195.151,0.002,179.983,32.531
170,2022-09-09 15:19:04.798,246.96,-195.151,0.002,-179.993,31.863
171,2022-09-09 15:19:04.893,246.523,-195.151,0.002,179.982,31.205
172,2022-09-09 15:19:04.973,246.095,-195.151,0.002,-179.992,30.557
173,2022-09-09 15:19:05.070,245.676,-195.151,0.002,179.981,29.919
174,2022-09-09 15:19:05.165,245.266,-195.151,0.002,-179.991,29.291
175,2022-09-09 15:19:05.245,244.864,-195.151,0.002,179.981,28.672
176,2022-09-09 15:19:05.325,244.471,-195.151,0.002,-179.991,28.063
177,2022-09-09 15:19:05.420,244.086,-195.151,0.002,179.98,27.463
178,2022-09-09 15:19:05.501,243.71,-195.151,0.002,-179.99,26.871
179,2022-09-09 15:19:05.583,243.342,-195.151,0.002,179.979,26.289
180,2022-09-09 15:19:05.678,242.981,-195.151,0.002,-179.99,25.715
181,2022-09-09 15:19:05.758,242.629,-195.151,0.002,179.979,25.15
182,2022-09-09 15:19:05.854,242.284,-195.151,0.002,-179.989,24.594
183,2022-09-09 15:19:05.934,241.947,-195.151,0.002,179.978,24.046
184,2022-09-09 15:19:06.014,241.618,-195.151,0.002,-179.988,23.506
185,2022-09-09 15:19:06.110,241.296,-195.151,0.002,179.978,22.974
186,2022-09-09 15:19:06.192,240.981,-195.151,0.002,-179.988,22.451
187,2022-09-09 15:19:06.269,240.673,-195.151,0.002,179.978,21.936
188,2022-09-09 15:19:06.365,240.373,-195.151,0.002,-179.988,21.428
189,2022-09-09 15:19:06.444,240.08,-195.151,0.002,179.977,20.929
190,2022-09-09 15:19:06.525,239.793,-195.151,0.002,-179.987,20.438
191,2022-09-09 15:19:06.606,239.513,-195.151,0.002,179.977,19.955
192,2022-09-09 15:19:06.701,239.24,-195.151,0.002,-179.987,19.481
193,2022-09-09 15:19:06.782,238.973,-195.151,0.002,179.977,19.016
194,2022-09-09 15:19:06.862,238.713,-195.151,0.002,-179.987,18.56
195,2022-09-09 15:19:06.944,238.459,-195.151,0.002,179.977,18.128
196,2022-09-09 15:19:07.038,238.208,-195.151,0.002,179.971,18.081
197,2022-09-09 15:19:07.118,237.957,-195.151,0.002,179.958,18.109
198,2022-09-09 15:19:07.198,237.703,-195.151,0.002,179.962,18.641
199,2022-09-09 15:19:07.279,237.441,-195.151,0.002,179.962,18.881
200,2022-09-09 15:19:07.373,237.175,-195.15,0.002,179.964,19.338
201,2022-09-09 15:19:07.468,236.902,-195.15,0.002,179.964,19.93
202,2022-09-09 15:19:07.549,236.617,-195.15,0.002,179.962,20.924
203,2022-09-09 15:19:07.645,236.318,-195.15,0.002,179.965,21.934
204,2022-09-09 15:19:07.725,236.002,-195.15,0.002,179.961,23.33
205,2022-09-09 15:19:07.807,235.664,-195.149,0.001,179.969,24.943
206,2022-09-09 15:19:07.886,235.306,-195.149,0.001,179.957,26.364
207,2022-09-09 15:19:07.983,234.929,-195.149,0.001,179.966,27.718
208,2022-09-09 15:19:08.061,234.533,-195.149,0.001,179.956,29.042
209,2022-09-09 15:19:08.143,234.119,-195.148,0.001,179.965,30.358
210,2022-09-09 15:19:08.221,233.686,-195.148,0.001,179.956,31.666
211,2022-09-09 15:19:08.301,233.236,-195.148,0.001,179.965,32.962
212,2022-09-09 15:19:08.396,232.767,-195.148,0.001,179.956,34.247
213,2022-09-09 15:19:08.476,232.281,-195.147,0.001,179.964,35.527
214,2022-09-09 15:19:08.558,231.777,-195.147,0.001,179.958,36.812
215,2022-09-09 15:19:08.638,231.255,-195.146,0.001,179.962,38.108
216,2022-09-09 15:19:08.722,230.715,-195.146,0.001,179.96,39.379
217,2022-09-09 15:19:08.813,230.157,-195.146,0.001,179.961,40.621
218,2022-09-09 15:19:08.895,229.583,-195.145,0.001,179.961,41.842
219,2022-09-09 15:19:08.973,228.992,-195.145,0.001,179.961,43.046
220,2022-09-09 15:19:09.054,228.384,-195.145,0.001,179.961,44.238
221,2022-09-09 15:19:09.135,227.76,-195.144,0.001,179.961,45.421
222,2022-09-09 15:19:09.230,227.119,-195.144,0.001,179.961,46.596
223,2022-09-09 15:19:09.310,226.462,-195.143,0.001,179.961,47.767
224,2022-09-09 15:19:09.405,225.789,-195.143,0.001,179.961,48.932
225,2022-09-09 15:19:09.485,225.1,-195.142,0.001,179.961,50.094
226,2022-09-09 15:19:09.566,224.394,-195.142,0.001,179.961,51.252
227,2022-09-09 15:19:09.647,223.673,-195.141,0.001,179.961,52.407
228,2022-09-09 15:19:09.743,222.935,-195.141,0.001,179.961,53.558
229,2022-09-09 15:19:09.822,222.182,-195.14,0.001,179.961,54.708
230,2022-09-09 15:19:09.902,221.413,-195.14,0.001,179.961,55.854
231,2022-09-09 15:19:09.997,220.627,-195.139,0.001,179.961,56.998
232,2022-09-09 15:19:10.079,219.826,-195.139,0.001,179.961,58.139
233,2022-09-09 15:19:10.159,219.009,-195.138,0.001,179.961,59.278
234,2022-09-09 15:19:10.237,218.176,-195.137,0.001,179.961,60.414
235,2022-09-09 15:19:10.333,217.328,-195.137,0.001,179.962,61.548
236,2022-09-09 15:19:10.412,216.464,-195.136,0.001,179.962,62.68
237,2022-09-09 15:19:10.494,215.584,-195.136,0.001,179.962,63.809
238,2022-09-09 15:19:10.590,214.688,-195.135,0.001,179.962,64.936
239,2022-09-09 15:19:10.671,213.777,-195.135,0.001,179.962,66.06
240,2022-09-09 15:19:10.749,212.85,-195.134,0.001,179.962,67.182
241,2022-09-09 15:19:10.831,211.908,-195.133,0.001,179.962,68.302
242,2022-09-09 15:19:10.925,210.95,-195.133,0.001,179.962,69.419
243,2022-09-09 15:19:11.007,209.976,-195.132,0.001,179.962,70.534
244,2022-09-09 15:19:11.086,208.987,-195.131,0.001,179.962,71.646
245,2022-09-09 15:19:11.167,207.983,-195.131,0.001,179.962,72.756
246,2022-09-09 15:19:11.245,206.963,-195.13,0.001,179.962,73.864
247,2022-09-09 15:19:11.325,205.928,-195.129,0.001,179.962,74.969
248,2022-09-09 15:19:11.406,204.878,-195.129,0.001,179.962,76.072
249,2022-09-09 15:19:11.485,203.812,-195.128,0.001,179.963,77.173
250,2022-09-09 15:19:11.565,202.731,-195.127,0.001,179.963,78.271
251,2022-09-09 15:19:11.646,201.635,-195.127,0.001,179.963,79.367
252,2022-09-09 15:19:11.726,200.524,-195.126,0.001,179.963,80.399
253,2022-09-09 15:19:11.806,199.401,-195.125,0.001,179.963,81.055
254,2022-09-09 15:19:11.901,198.274,-195.124,0.001,179.963,81.087
255,2022-09-09 15:19:11.981,197.152,-195.124,0.002,179.963,80.628
256,2022-09-09 15:19:12.061,196.038,-195.123,0.002,179.963,79.846
257,2022-09-09 15:19:12.142,194.938,-195.122,0.002,179.963,78.811
258,2022-09-09 15:19:12.237,193.854,-195.122,0.002,179.963,77.522
259,2022-09-09 15:19:12.317,192.789,-195.121,0.002,179.963,76.02
260,2022-09-09 15:19:12.413,191.747,-195.12,0.002,179.963,74.347
261,2022-09-09 15:19:12.494,190.729,-195.12,0.002,179.963,72.6
262,2022-09-09 15:19:12.572,189.736,-195.119,0.002,179.963,70.816
263,2022-09-09 15:19:12.655,188.768,-195.118,0.002,179.962,69.011
264,2022-09-09 15:19:12.735,187.824,-195.118,0.002,179.962,67.201
265,2022-09-09 15:19:12.813,186.906,-195.117,0.002,179.962,65.396
266,2022-09-09 15:19:12.878,186.013,-195.117,0.002,179.962,63.602
267,2022-09-09 15:19:12.959,185.144,-195.116,0.003,179.962,61.825
268,2022-09-09 15:19:13.039,184.3,-195.115,0.003,179.962,60.069
269,2022-09-09 15:19:13.118,183.48,-195.115,0.003,179.962,58.336
270,2022-09-09 15:19:13.197,182.684,-195.114,0.003,179.962,56.629
271,2022-09-09 15:19:13.277,181.912,-195.114,0.003,179.961,54.948
272,2022-09-09 15:19:13.357,181.162,-195.113,0.003,179.961,53.295
273,2022-09-09 15:19:13.437,180.436,-195.113,0.003,179.961,51.67
274,2022-09-09 15:19:13.517,179.731,-195.112,0.003,179.961,50.163
275,2022-09-09 15:19:13.598,179.045,-195.112,0.002,179.961,48.911
276,2022-09-09 15:19:13.678,178.375,-195.111,0.002,179.961,47.834
277,2022-09-09 15:19:13.742,177.719,-195.111,0.002,179.961,46.808
278,2022-09-09 15:19:13.822,177.077,-195.111,0.002,179.961,45.823
279,2022-09-09 15:19:13.902,176.448,-195.11,0.002,179.961,44.871
280,2022-09-09 15:19:13.982,175.833,-195.11,0.002,179.961,43.947
281,2022-09-09 15:19:14.062,175.23,-195.109,0.002,179.961,43.046
282,2022-09-09 15:19:14.142,174.639,-195.109,0.002,179.961,42.167
283,2022-09-09 15:19:14.205,174.061,-195.109,0.002,179.961,41.306
284,2022-09-09 15:19:14.285,173.494,-195.108,0.002,179.961,40.468
285,2022-09-09 15:19:14.365,172.939,-195.108,0.002,179.961,39.635
286,2022-09-09 15:19:14.445,172.395,-195.107,0.002,179.961,38.902
287,2022-09-09 15:19:14.509,171.861,-195.107,0.002,179.961,38.096
288,2022-09-09 15:19:14.589,171.338,-195.107,0.002,179.961,37.403
289,2022-09-09 15:19:14.670,170.825,-195.106,0.002,179.96,36.605
290,2022-09-09 15:19:14.749,170.322,-195.106,0.002,179.96,35.933
291,2022-09-09 15:19:14.830,169.83,-195.106,0.002,179.96,35.152
292,2022-09-09 15:19:14.910,169.347,-195.105,0.002,179.96,34.504
293,2022-09-09 15:19:14.974,168.874,-195.105,0.002,179.96,33.74
294,2022-09-09 15:19:15.054,168.411,-195.105,0.002,179.96,33.118
295,2022-09-09 15:19:15.134,167.957,-195.104,0.002,179.96,32.372
296,2022-09-09 15:19:15.198,167.512,-195.104,0.002,179.96,31.774
297,2022-09-09 15:19:15.293,167.077,-195.104,0.002,179.96,31.046
298,2022-09-09 15:19:15.357,166.651,-195.103,0.002,179.96,30.472
299,2022-09-09 15:19:15.437,166.233,-195.103,0.002,179.96,29.76
300,2022-09-09 15:19:15.501,165.825,-195.103,0.002,179.96,29.209
301,2022-09-09 15:19:15.581,165.425,-195.103,0.002,179.96,28.513
302,2022-09-09 15:19:15.646,165.033,-195.102,0.002,179.96,27.983
303,2022-09-09 15:19:15.726,164.65,-195.102,0.002,179.96,27.303
304,2022-09-09 15:19:15.790,164.275,-195.102,0.002,179.96,26.794
305,2022-09-09 15:19:15.869,163.909,-195.101,0.002,179.96,26.129
306,2022-09-09 15:19:15.934,163.55,-195.101,0.002,179.96,25.64
307,2022-09-09 15:19:16.014,163.199,-195.101,0.002,179.96,24.988
308,2022-09-09 15:19:16.094,162.856,-195.101,0.002,179.96,24.519
309,2022-09-09 15:19:16.158,162.521,-195.101,0.002,179.96,23.881
310,2022-09-09 15:19:16.237,162.193,-195.1,0.002,179.96,23.431
311,2022-09-09 15:19:16.316,161.873,-195.1,0.002,179.96,22.805
312,2022-09-09 15:19:16.381,161.56,-195.1,0.002,179.96,22.374
313,2022-09-09 15:19:16.461,161.254,-195.1,0.002,179.96,21.761
314,2022-09-09 15:19:16.525,160.955,-195.1,0.002,179.96,21.348
315,2022-09-09 15:19:16.605,160.664,-195.099,0.002,179.96,20.747
316,2022-09-09 15:19:16.670,160.379,-195.099,0.002,179.96,20.353
317,2022-09-09 15:19:16.750,160.101,-195.099,0.002,179.96,19.764
318,2022-09-09 15:19:16.830,159.83,-195.099,0.002,179.96,19.388
319,2022-09-09 15:19:16.910,159.565,-195.099,0.002,179.96,18.811
320,2022-09-09 15:19:16.974,159.307,-195.098,0.002,179.96,18.454
321,2022-09-09 15:19:17.054,159.055,-195.098,0.002,179.96,17.889
322,2022-09-09 15:19:17.134,158.807,-195.098,0.002,179.96,17.771
323,2022-09-09 15:19:17.198,158.563,-195.098,0.002,179.96,17.505
324,2022-09-09 15:19:17.277,158.322,-195.098,0.002,179.96,17.197
325,2022-09-09 15:19:17.357,158.086,-195.097,0.002,179.96,16.87
326,2022-09-09 15:19:17.421,157.854,-195.097,0.002,179.96,16.536
327,2022-09-09 15:19:17.501,157.627,-195.097,0.002,179.96,16.2
328,2022-09-09 15:19:17.565,157.405,-195.097,0.002,179.96,15.867
329,2022-09-09 15:19:17.646,157.187,-195.097,0.002,179.96,15.589
330,2022-09-09 15:19:17.710,156.972,-195.096,0.002,179.96,15.503
331,2022-09-09 15:19:17.790,156.755,-195.096,0.002,179.96,15.738
332,2022-09-09 15:19:17.854,156.532,-195.096,0.002,179.96,16.33
333,2022-09-09 15:19:17.934,156.298,-195.096,0.002,179.96,17.184
334,2022-09-09 15:19:17.998,156.051,-195.096,0.002,179.96,18.187
335,2022-09-09 15:19:18.078,155.789,-195.095,0.002,179.96,19.27
336,2022-09-09 15:19:18.157,155.516,-195.095,0.002,179.96,19.749
337,2022-09-09 15:19:18.222,155.238,-195.095,0.002,179.96,20.178
338,2022-09-09 15:19:18.301,154.952,-195.095,0.002,179.96,20.999
339,2022-09-09 15:19:18.365,154.653,-195.095,0.002,179.96,21.858
340,2022-09-09 15:19:18.446,154.34,-195.094,0.002,179.96,23.037
341,2022-09-09 15:19:18.509,154.01,-195.094,0.002,179.959,24.151
342,2022-09-09 15:19:18.588,153.664,-195.094,0.002,179.962,25.505
343,2022-09-09 15:19:18.655,153.299,-195.094,0.001,179.965,26.742
344,2022-09-09 15:19:18.733,152.915,-195.094,0.001,179.957,28.212
345,2022-09-09 15:19:18.799,152.513,-195.093,0.001,179.957,29.49
346,2022-09-09 15:19:18.878,152.091,-195.093,0.001,179.961,30.948
347,2022-09-09 15:19:18.959,151.65,-195.093,0.001,179.96,32.273
348,2022-09-09 15:19:19.039,151.19,-195.092,0.001,179.96,33.782
349,2022-09-09 15:19:19.103,150.709,-195.092,0.001,179.96,35.191
350,2022-09-09 15:19:19.181,150.208,-195.092,0.001,179.96,36.568
351,2022-09-09 15:19:19.261,149.689,-195.091,0.001,179.96,37.869
352,2022-09-09 15:19:19.325,149.153,-195.091,0.001,179.96,39.065
353,2022-09-09 15:19:19.389,148.604,-195.09,0.001,179.96,39.856
354,2022-09-09 15:19:19.469,148.048,-195.09,0.001,179.96,40.084
355,2022-09-09 15:19:19.534,147.492,-195.09,0.001,179.96,39.901
356,2022-09-09 15:19:19.613,146.941,-195.089,0.002,179.96,39.528
357,2022-09-09 15:19:19.678,146.397,-195.089,0.002,179.96,38.948
358,2022-09-09 15:19:19.758,145.861,-195.089,0.002,179.96,38.385
359,2022-09-09 15:19:19.822,145.334,-195.088,0.002,179.96,37.674
360,2022-09-09 15:19:19.901,144.816,-195.088,0.002,179.96,37.044
361,2022-09-09 15:19:19.966,144.307,-195.087,0.002,179.96,36.289
362,2022-09-09 15:19:20.030,143.809,-195.087,0.002,179.96,35.646
363,2022-09-09 15:19:20.110,143.32,-195.087,0.002,179.96,34.884
364,2022-09-09 15:19:20.174,142.841,-195.086,0.002,179.96,34.252
365,2022-09-09 15:19:20.252,142.372,-195.086,0.002,179.96,33.498
366,2022-09-09 15:19:20.317,141.911,-195.086,0.002,179.96,32.885
367,2022-09-09 15:19:20.381,141.461,-195.085,0.002,179.96,32.145
368,2022-09-09 15:19:20.461,141.019,-195.085,0.002,179.96,31.553
369,2022-09-09 15:19:20.525,140.587,-195.085,0.002,179.96,30.829
370,2022-09-09 15:19:20.589,140.164,-195.085,0.002,179.96,30.26
371,2022-09-09 15:19:20.669,139.749,-195.084,0.002,179.96,29.551
372,2022-09-09 15:19:20.734,139.344,-195.084,0.002,179.96,29.004
373,2022-09-09 15:19:20.798,138.946,-195.084,0.002,179.96,28.311
374,2022-09-09 15:19:20.878,138.558,-195.083,0.002,179.96,27.785
375,2022-09-09 15:19:20.942,138.177,-195.083,0.002,179.96,27.108
376,2022-09-09 15:19:21.022,137.805,-195.083,0.002,179.96,26.602
377,2022-09-09 15:19:21.086,137.441,-195.083,0.002,179.96,25.897
378,2022-09-09 15:19:21.150,137.087,-195.082,0.002,179.96,25.276
379,2022-09-09 15:19:21.229,136.743,-195.082,0.002,179.96,24.362
380,2022-09-09 15:19:21.293,136.411,-195.082,0.002,179.96,23.588
381,2022-09-09 15:19:21.372,136.092,-195.082,0.002,179.96,22.566
382,2022-09-09 15:19:21.437,135.82,-195.081,0.002,179.96,17.685
383,2022-09-09 15:19:21.517,135.614,-195.081,0.002,179.959,12.871
384,2022-09-09 15:19:21.581,135.476,-195.081,0.003,179.959,8.037
385,2022-09-09 15:19:21.663,135.405,-195.081,0.003,179.959,3.241
386,2022-09-09 15:19:21.725,135.393,-195.081,0.003,179.96,0.002
387,2022-09-09 15:19:21.790,135.393,-195.081,0.003,179.96,0.003
388,2022-09-09 15:19:21.871,135.393,-195.081,0.003,179.96,0.003
389,2022-09-09 15:19:21.934,135.392,-195.081,0.002,179.96,0.002
390,2022-09-09 15:19:21.998,135.392,-195.081,0.002,179.96,0.002
391,2022-09-09 15:19:22.078,135.392,-195.081,0.002,179.96,0.001
392,2022-09-09 15:19:22.141,135.392,-195.081,0.002,179.96,0.001
393,2022-09-09 15:19:22.204,135.391,-195.081,0.002,179.96,0.059
394,2022-09-09 15:19:22.269,135.39,-195.081,0.002,179.96,0.115
395,2022-09-09 15:19:22.348,135.388,-195.081,0.002,179.96,0.117
396,2022-09-09 15:19:22.412,135.386,-195.081,0.002,179.96,0.148
397,2022-09-09 15:19:22.477,135.384,-195.081,0.002,179.96,0.132
398,2022-09-09 15:19:22.556,135.382,-195.081,0.002,179.96,0.154
399,2022-09-09 15:19:22.622,135.38,-195.081,0.002,179.96,0.133
400,2022-09-09 15:19:22.686,135.378,-195.081,0.002,179.96,0.152
401,2022-09-09 15:19:22.766,135.376,-195.081,0.002,179.96,0.13
402,2022-09-09 15:19:22.830,135.374,-195.081,0.002,179.96,0.148
403,2022-09-09 15:19:22.909,135.372,-195.081,0.002,179.96,0.125
404,2022-09-09 15:19:22.974,135.37,-195.081,0.002,179.96,0.142
405,2022-09-09 15:19:23.038,135.369,-195.081,0.002,179.96,0.12
406,2022-09-09 15:19:23.118,135.367,-195.081,0.002,179.96,0.137
407,2022-09-09 15:19:23.182,135.365,-195.081,0.002,179.96,0.114
408,2022-09-09 15:19:23.246,135.363,-195.081,0.002,179.96,0.132
409,2022-09-09 15:19:23.325,135.362,-195.081,0.002,179.96,0.109
410,2022-09-09 15:19:23.389,135.36,-195.081,0.002,179.96,0.127
411,2022-09-09 15:19:23.453,135.359,-195.081,0.002,179.96,0.104
412,2022-09-09 15:19:23.533,135.357,-195.081,0.002,179.96,0.122
413,2022-09-09 15:19:23.598,135.355,-195.081,0.002,179.96,0.1
414,2022-09-09 15:19:23.662,135.354,-195.081,0.002,179.96,0.118
415,2022-09-09 15:19:23.742,135.352,-195.081,0.002,179.96,0.095
416,2022-09-09 15:19:23.806,135.351,-195.081,0.002,179.96,0.113
417,2022-09-09 15:19:23.870,135.35,-195.081,0.002,179.96,0.091
418,2022-09-09 15:19:23.950,135.348,-195.081,0.002,179.96,0.109
419,2022-09-09 15:19:24.014,135.347,-195.081,0.002,179.96,0.087
420,2022-09-09 15:19:24.078,135.345,-195.081,0.002,179.96,0.105
421,2022-09-09 15:19:24.142,135.344,-195.081,0.002,179.96,0.083
422,2022-09-09 15:19:24.221,135.343,-195.081,0.002,179.96,0.101
423,2022-09-09 15:19:24.285,135.342,-195.081,0.002,179.96,0.079
424,2022-09-09 15:19:24.347,135.34,-195.081,0.002,179.96,0.098
