1,1.882,325.0,-195.4,0
85,0.001,324.328,-195.387,0.6721257322852878
89,0.001,323.52,-195.368,1.480349092501997
92,0.002,322.767,-195.349,2.233588762195501
95,0.002,321.947,-195.328,3.053857620558409
98,0.002,321.048,-195.304,3.953177919450857
100,0.002,320.383,-195.291,4.618304974982375
102,0.001,319.666,-195.278,5.33542281746015
104,0.001,318.894,-195.265,6.10753226566033
106,0.001,318.072,-195.252,6.929635057286781
108,0.002,317.228,-195.239,7.773735169832674
110,0.002,316.395,-195.227,8.606821599922641
112,0.002,315.584,-195.218,9.417871536732925
114,0.002,314.79,-195.21,10.21191183797712
116,0.002,314.001,-195.204,11.00093465133556
118,0.002,313.203,-195.198,11.798957207407758
120,0.002,312.392,-195.192,12.609979401925248
122,0.002,311.576,-195.187,13.42599472040889
124,0.002,310.763,-195.182,14.239010095417305
126,0.002,309.956,-195.179,15.046015671606177
128,0.002,309.154,-195.176,15.84802128255914
130,0.002,308.353,-195.173,16.649026900516954
132,0.002,307.547,-195.171,17.455029381902698
134,0.002,306.739,-195.169,18.26303185714648
136,0.002,305.93,-195.167,19.072034329330556
138,0.002,305.122,-195.165,19.88003680457428
140,0.002,304.316,-195.164,20.686037424921476
142,0.002,303.511,-195.163,21.4910380460392
144,0.002,302.705,-195.162,22.297038666386396
146,0.002,301.899,-195.161,23.103039286733534
148,0.002,301.092,-195.161,23.91003928673355
150,0.002,300.284,-195.16,24.718039905545186
152,0.002,299.478,-195.159,25.524040525892325
154,0.002,298.671,-195.159,26.33104052589234
156,0.002,297.865,-195.158,27.13704114623948
158,0.002,297.059,-195.158,27.943041146239462
160,0.002,296.252,-195.158,28.75004114623948
162,0.002,295.446,-195.157,29.556041766586617
164,0.002,294.639,-195.157,30.363041766586633
166,0.002,293.832,-195.157,31.17004176658665
168,0.002,293.026,-195.157,31.976041766586633
170,0.002,292.22,-195.156,32.782042386933774
172,0.002,291.413,-195.156,33.58904238693379
174,0.002,290.607,-195.156,34.395042386933774
176,0.002,289.8,-195.156,35.20204238693379
178,0.002,288.994,-195.156,36.008042386933774
180,0.002,288.187,-195.156,36.81504238693379
182,0.002,287.38,-195.156,37.622042386933806
184,0.002,286.574,-195.156,38.42804238693379
186,0.002,285.767,-195.156,39.235042386933806
188,0.002,284.961,-195.156,40.04104238693379
190,0.002,284.154,-195.156,40.848042386933805
192,0.002,283.348,-195.156,41.65404238693379
194,0.002,282.541,-195.156,42.461042386933805
196,0.002,281.735,-195.156,43.26704238693379
198,0.002,280.928,-195.156,44.074042386933804
200,0.002,280.122,-195.156,44.88004238693379
202,0.002,279.315,-195.156,45.687042386933804
204,0.002,278.509,-195.156,46.49304238693379
206,0.002,277.702,-195.156,47.300042386933804
208,0.002,276.895,-195.155,48.10704300651227
210,0.002,276.089,-195.155,48.913043006512254
212,0.002,275.282,-195.155,49.72004300651227
214,0.002,274.476,-195.155,50.52604300651225
216,0.002,273.669,-195.155,51.33304300651227
218,0.002,272.863,-195.154,52.13904362685941
220,0.002,272.056,-195.154,52.94604362685943
222,0.002,271.25,-195.154,53.75204362685941
224,0.002,270.443,-195.154,54.55904362685943
226,0.002,269.637,-195.154,55.36504362685941
228,0.002,268.83,-195.154,56.17204362685943
230,0.002,268.023,-195.154,56.97904362685939
232,0.002,267.217,-195.154,57.78504362685943
234,0.002,266.41,-195.154,58.592043626859386
236,0.002,265.604,-195.154,59.398043626859426
238,0.002,264.797,-195.154,60.205043626859386
240,0.002,263.991,-195.154,61.011043626859426
242,0.002,263.184,-195.154,61.818043626859385
244,0.002,262.378,-195.154,62.624043626859425
246,0.002,261.571,-195.154,63.431043626859385
248,0.002,260.765,-195.154,64.23704362685942
250,0.002,259.958,-195.154,65.04404362685938
252,0.002,259.151,-195.153,65.85104424643784
254,0.002,258.345,-195.153,66.65704424643782
256,0.002,257.538,-195.153,67.46404424643784
258,0.002,256.732,-195.153,68.27004424643782
260,0.002,255.925,-195.153,69.07704424643784
262,0.002,255.119,-195.153,69.88304424643785
264,0.002,254.312,-195.153,70.69004424643784
266,0.002,253.506,-195.153,71.49604424643785
268,0.002,252.699,-195.153,72.30304424643784
270,0.002,251.893,-195.153,73.10904424643785
272,0.002,251.086,-195.153,73.91604424643783
274,0.002,250.28,-195.153,74.72204424643785
276,0.002,249.473,-195.153,75.52904424643783
278,0.002,248.666,-195.153,76.33604424643785
280,0.002,247.86,-195.153,77.14204424643783
282,0.002,247.053,-195.153,77.94904424643785
284,0.002,246.247,-195.153,78.75504424643783
286,0.002,245.44,-195.153,79.56204424643785
288,0.002,244.634,-195.153,80.36804424643786
290,0.002,243.827,-195.153,81.17504424643785
292,0.002,243.021,-195.153,81.98104424643786
294,0.002,242.214,-195.153,82.78804424643785
296,0.002,241.408,-195.153,83.59404424643786
298,0.002,240.601,-195.153,84.40104424643785
300,0.002,239.794,-195.153,85.20804424643784
302,0.002,238.988,-195.152,86.014044866785
304,0.002,238.181,-195.152,86.82104486678499
306,0.002,237.375,-195.152,87.627044866785
308,0.002,236.568,-195.152,88.43404486678499
310,0.002,235.762,-195.152,89.240044866785
312,0.002,234.955,-195.152,90.04704486678499
314,0.002,234.149,-195.152,90.853044866785
316,0.002,233.342,-195.152,91.66004486678499
318,0.002,232.536,-195.152,92.466044866785
320,0.002,231.729,-195.152,93.27304486678499
322,0.002,230.923,-195.151,94.07904548713215
324,0.002,230.116,-195.151,94.88604548713214
326,0.002,229.309,-195.151,95.69304548713215
328,0.002,228.503,-195.151,96.49904548713216
330,0.002,227.696,-195.151,97.30604548713215
332,0.002,226.89,-195.151,98.11204548713216
334,0.002,226.083,-195.151,98.91904548713215
336,0.002,225.277,-195.151,99.72504548713216
338,0.002,224.47,-195.151,100.53204548713215
340,0.002,223.664,-195.151,101.33804548713216
342,0.002,222.857,-195.151,102.14504548713215
344,0.002,222.051,-195.151,102.95104548713216
346,0.002,221.244,-195.151,103.75804548713215
348,0.002,220.437,-195.151,104.56504548713214
350,0.002,219.631,-195.151,105.37104548713215
352,0.002,218.824,-195.151,106.17804548713214
354,0.002,218.018,-195.15,106.9840461074793
356,0.002,217.211,-195.15,107.79104610747929
358,0.002,216.405,-195.15,108.5970461074793
360,0.002,215.598,-195.15,109.40404610747929
362,0.002,214.792,-195.15,110.2100461074793
364,0.002,213.985,-195.15,111.01704610747929
366,0.002,213.179,-195.15,111.8230461074793
368,0.002,212.372,-195.15,112.63004610747929
370,0.002,211.565,-195.15,113.4370461074793
372,0.002,210.759,-195.15,114.24304610747932
374,0.002,209.952,-195.15,115.0500461074793
376,0.002,209.146,-195.15,115.85604610747932
378,0.002,208.339,-195.15,116.6630461074793
380,0.002,207.533,-195.15,117.46904610747931
382,0.002,206.726,-195.15,118.2760461074793
384,0.002,205.92,-195.15,119.08204610747931
386,0.002,205.113,-195.149,119.88904672705775
388,0.002,204.307,-195.149,120.69504672705776
390,0.002,203.5,-195.149,121.50204672705775
392,0.002,202.693,-195.149,122.30904672705773
394,0.002,201.887,-195.149,123.11504672705775
396,0.002,201.08,-195.149,123.92204672705773
398,0.002,200.274,-195.149,124.72804672705774
400,0.002,199.467,-195.149,125.53504672705773
402,0.002,198.661,-195.149,126.34104672705774
404,0.002,197.854,-195.149,127.14804672705773
406,0.002,197.048,-195.149,127.95404672705774
408,0.002,196.241,-195.148,128.7610473466362
410,0.002,195.435,-195.148,129.5670473466362
412,0.002,194.628,-195.148,130.37404734663622
414,0.002,193.822,-195.148,131.1800473466362
416,0.002,193.015,-195.148,131.98704734663622
418,0.002,192.208,-195.147,132.79404796621466
420,0.002,191.402,-195.147,133.60004796621467
422,0.002,190.595,-195.147,134.40704796621466
424,0.002,189.789,-195.147,135.21304796621467
426,0.002,188.982,-195.147,136.02004796621466
428,0.002,188.176,-195.147,136.82604796621467
430,0.002,187.369,-195.147,137.63304796621466
432,0.002,186.563,-195.147,138.43904796621467
434,0.002,185.756,-195.147,139.24604796621466
436,0.002,184.95,-195.147,140.05204796621467
438,0.002,184.143,-195.147,140.85904796621466
440,0.002,183.336,-195.147,141.66604796621465
442,0.002,182.53,-195.147,142.47204796621466
444,0.002,181.723,-195.147,143.27904796621465
446,0.002,180.917,-195.147,144.08504796621466
448,0.002,180.11,-195.147,144.89204796621465
450,0.002,179.304,-195.147,145.69804796621466
452,0.002,178.497,-195.147,146.50504796621465
454,0.002,177.691,-195.147,147.31104796621466
456,0.002,176.884,-195.147,148.11804796621468
458,0.002,176.078,-195.147,148.92404796621466
460,0.002,175.271,-195.147,149.73104796621467
462,0.002,174.464,-195.147,150.53804796621466
464,0.002,173.658,-195.147,151.34404796621467
466,0.002,172.851,-195.147,152.15104796621466
468,0.002,172.045,-195.146,152.95704858656183
470,0.002,171.238,-195.146,153.7640485865618
472,0.002,170.432,-195.146,154.57004858656182
474,0.002,169.625,-195.146,155.3770485865618
476,0.002,168.819,-195.146,156.18304858656182
478,0.002,168.012,-195.146,156.9900485865618
480,0.002,167.206,-195.146,157.79604858656182
482,0.002,166.399,-195.146,158.6030485865618
484,0.002,165.593,-195.146,159.40904858656182
486,0.002,164.786,-195.146,160.2160485865618
488,0.002,163.979,-195.146,161.0230485865618
490,0.002,163.173,-195.146,161.8290485865618
492,0.002,162.366,-195.146,162.6360485865618
494,0.002,161.56,-195.146,163.4420485865618
496,0.002,160.753,-195.146,164.24904858656183
498,0.002,159.947,-195.146,165.0550485865618
500,0.002,159.14,-195.146,165.86204858656183
502,0.002,158.334,-195.145,166.66804920690896
504,0.002,157.527,-195.145,167.47504920690898
506,0.002,156.721,-195.145,168.28104920690896
508,0.002,155.914,-195.145,169.08804920690898
510,0.002,155.108,-195.145,169.89404920690896
512,0.002,154.301,-195.145,170.70104920690898
514,0.002,153.495,-195.145,171.50704920690896
516,0.002,152.688,-195.145,172.31404920690898
518,0.002,151.882,-195.145,173.12004920690896
520,0.002,151.075,-195.145,173.92704920690898
522,0.002,150.269,-195.145,174.73304920690896
524,0.002,149.462,-195.145,175.54004920690898
526,0.002,148.656,-195.145,176.34604920690896
528,0.002,147.849,-195.145,177.15304920690897
530,0.002,147.043,-195.145,177.95904920690896
532,0.002,146.236,-195.145,178.76604920690897
534,0.002,145.43,-195.145,179.57204920690896
536,0.002,144.623,-195.145,180.37904920690897
538,0.002,143.817,-195.144,181.1850498272561
540,0.002,143.01,-195.144,181.99204982725612
542,0.002,142.204,-195.144,182.7980498272561
544,0.002,141.397,-195.144,183.60504982725612
546,0.002,140.591,-195.144,184.4110498272561
548,0.002,139.784,-195.144,185.21804982725612
550,0.002,138.978,-195.143,186.02405044760326
552,0.002,138.171,-195.143,186.83105044760327
554,0.002,137.364,-195.143,187.63805044760326
556,0.002,136.558,-195.143,188.44405044760327
558,0.002,135.751,-195.143,189.25105044760326
560,0.002,134.945,-195.143,190.05705044760327
562,0.002,134.138,-195.143,190.86405044760326
564,0.002,133.332,-195.143,191.67005044760327
566,0.002,132.525,-195.143,192.47705044760326
568,0.002,131.719,-195.143,193.28305044760327
570,0.002,130.912,-195.143,194.09005044760326
572,0.002,130.106,-195.143,194.89605044760327
574,0.002,129.299,-195.143,195.70305044760326
576,0.002,128.493,-195.143,196.50905044760327
578,0.002,127.686,-195.143,197.31605044760326
580,0.002,126.88,-195.143,198.12205044760327
582,0.002,126.073,-195.143,198.9290504476033
584,0.002,125.267,-195.143,199.73505044760327
586,0.002,124.46,-195.143,200.5420504476033
588,0.002,123.654,-195.143,201.34805044760327
590,0.002,122.847,-195.143,202.1550504476033
592,0.002,122.041,-195.143,202.96105044760327
594,0.002,121.235,-195.143,203.76705044760325
596,0.002,120.435,-195.143,204.56705044760326
598,0.002,119.652,-195.143,205.35005044760328
600,0.002,118.889,-195.142,206.113051102911
602,0.002,118.149,-195.142,206.85305110291097
604,0.002,117.425,-195.142,207.57705110291096
606,0.002,116.713,-195.142,208.28905110291095
608,0.002,116.011,-195.142,208.99105110291094
610,0.002,115.32,-195.142,209.68205110291095
612,0.002,114.643,-195.142,210.35905110291094
614,0.002,113.98,-195.141,211.02205185705833
616,0.002,113.333,-195.141,211.66905185705832
618,0.002,112.709,-195.141,212.29305185705832
621,0.002,112.054,-195.141,212.94805185705832
1180,0.001,111.418,-195.141,213.5840518570583
1184,0.001,110.811,-195.141,214.1910518570583
1187,0.001,110.198,-195.141,214.8040518570583
1190,0.002,109.461,-195.141,215.5410518570583
1193,0.002,108.646,-195.141,216.3560518570583
1196,0.002,107.761,-195.141,217.24105185705832
1198,0.002,107.117,-195.141,217.88505185705833
1200,0.002,106.461,-195.141,218.54105185705833
1202,0.002,105.824,-195.143,219.17805499676803
1204,0.002,105.212,-195.149,219.79008440782601
1207,0.002,104.339,-195.161,220.66316687815743
1210,0.002,103.496,-195.175,221.50628312162567
1213,0.002,102.648,-195.191,222.35443405159037
1216,0.002,101.803,-195.208,223.19960504020747
1219,0.002,100.987,-195.227,224.01582621121446
1222,0.002,100.2,-195.3,224.8062046016073
1225,0.002,99.372,-195.415,225.64215256649507
1227,0.002,98.768,-195.511,226.2537341227899
1229,0.002,98.11,-195.624,226.92136650666592
1231,0.002,97.401,-195.758,227.64291830660824
1233,0.001,96.646,-195.929,228.41704103589603
1235,0.001,95.854,-196.147,229.2384958429305
1237,0.002,95.061,-196.416,230.07587867055474
1239,0.002,94.303,-196.734,230.89788110364117
1241,0.002,93.593,-197.1,231.6966651795966
1243,0.002,92.928,-197.515,232.48053379103604
1245,0.002,92.301,-197.985,233.26413381655928
1247,0.002,91.704,-198.515,234.06245016989297
1249,0.002,91.145,-199.101,234.87231250387327
1251,0.002,90.633,-199.732,235.6849040371789
1253,0.002,90.184,-200.397,236.4872917240236
1255,0.002,89.789,-201.09,237.28495957469832
1257,0.002,89.437,-201.808,238.0846019947837
1259,0.002,89.144,-202.552,238.88421752739922
1261,0.002,88.897,-203.317,239.68810433535168
1263,0.002,88.714,-204.099,240.49123134896783
1265,0.002,88.581,-204.893,241.29629345837307
1267,0.002,88.494,-205.694,242.1020043246272
1269,0.002,88.436,-206.5,242.91008847866067
1271,0.002,88.399,-207.307,243.71793623659528
1273,0.002,88.377,-208.113,244.52423642883141
1275,0.002,88.365,-208.918,245.329325864857
1277,0.002,88.359,-209.723,246.1343482247949
1279,0.002,88.357,-210.53,246.94135070310583
1281,0.002,88.358,-211.337,247.74835132268427
1283,0.002,88.361,-212.144,248.5553568988732
1285,0.002,88.364,-212.951,249.36236247506213
1287,0.002,88.369,-213.757,250.1683779835978
1289,0.002,88.372,-214.563,250.974383566705
1291,0.002,88.376,-215.369,251.78039349220222
1293,0.002,88.379,-216.176,252.58739906839114
1295,0.002,88.382,-216.983,253.39440464458008
1297,0.002,88.385,-217.789,254.20041022768729
1299,0.002,88.388,-218.596,255.00741580387623
1301,0.002,88.39,-219.402,255.81341828526197
1303,0.002,88.392,-220.209,256.62042076357295
1305,0.002,88.394,-221.015,257.4264232449587
1307,0.002,88.395,-221.822,258.23342386453714
1309,0.002,88.397,-222.628,259.0394263459229
1311,0.002,88.398,-223.435,259.84642696550134
1313,0.002,88.399,-224.241,260.6524275858485
1315,0.002,88.4,-225.048,261.45942820542695
1317,0.002,88.401,-225.854,262.2654288257741
1319,0.002,88.402,-226.661,263.07242944535255
1321,0.002,88.402,-227.467,263.8784294453526
1323,0.002,88.403,-228.274,264.68543006493104
1325,0.002,88.404,-229.081,265.4924306845095
1327,0.002,88.404,-229.887,266.2984306845095
1329,0.002,88.404,-230.694,267.10543068450954
1331,0.002,88.405,-231.5,267.9114313048567
1333,0.002,88.405,-232.307,268.7184313048567
1335,0.002,88.405,-233.113,269.52443130485676
1337,0.002,88.405,-233.92,270.3314313048568
1339,0.002,88.405,-234.726,271.1374313048568
1341,0.002,88.406,-235.533,271.94443192443526
1343,0.002,88.406,-236.339,272.75043192443525
1345,0.002,88.406,-237.146,273.55743192443526
1347,0.002,88.406,-237.953,274.3644319244353
1349,0.002,88.406,-238.759,275.17043192443526
1351,0.002,88.407,-239.566,275.9774325440137
1353,0.002,88.407,-240.372,276.78343254401375
1355,0.002,88.407,-241.179,277.59043254401377
1357,0.002,88.407,-241.985,278.3964325440138
1359,0.002,88.407,-242.792,279.2034325440138
1361,0.002,88.407,-243.598,280.00943254401386
1363,0.002,88.407,-244.405,280.8164325440139
1365,0.002,88.407,-245.211,281.6224325440139
1367,0.002,88.407,-246.018,282.42943254401393
1369,0.002,88.408,-246.825,283.2364331635924
1371,0.002,88.408,-247.631,284.04243316359236
1373,0.002,88.408,-248.438,284.8494331635924
1375,0.002,88.408,-249.244,285.6554331635924
1377,0.002,88.408,-250.051,286.46243316359244
1379,0.002,88.408,-250.857,287.2684331635925
1381,0.002,88.408,-251.664,288.0754331635925
1383,0.002,88.408,-252.47,288.88143316359253
1385,0.002,88.408,-253.277,289.68843316359255
1387,0.002,88.409,-254.083,290.4944337839397
1389,0.002,88.409,-254.89,291.30143378393973
1391,0.002,88.409,-255.696,292.10743378393977
1393,0.002,88.409,-256.503,292.9144337839398
1395,0.002,88.409,-257.31,293.7214337839398
1397,0.002,88.41,-258.116,294.52743440428696
1399,0.002,88.41,-258.923,295.334434404287
1401,0.002,88.41,-259.729,296.14043440428696
1403,0.002,88.41,-260.536,296.947434404287
1405,0.002,88.41,-261.342,297.75343440428696
1407,0.002,88.41,-262.149,298.560434404287
1409,0.002,88.41,-262.955,299.36643440428696
1411,0.002,88.41,-263.762,300.173434404287
1413,0.002,88.411,-264.568,300.97943502463414
1415,0.002,88.411,-265.375,301.78643502463416
1417,0.002,88.411,-266.182,302.5934350246342
1419,0.002,88.411,-266.988,303.39943502463416
1421,0.002,88.411,-267.795,304.2064350246342
1423,0.002,88.411,-268.601,305.01243502463416
1425,0.002,88.411,-269.408,305.8194350246342
1427,0.002,88.411,-270.214,306.62543502463416
1429,0.002,88.411,-271.021,307.4324350246342
1431,0.002,88.411,-271.827,308.23843502463416
1433,0.002,88.412,-272.634,309.0454356442126
1435,0.002,88.412,-273.44,309.8514356442126
1437,0.002,88.412,-274.247,310.6584356442126
1439,0.002,88.412,-275.053,311.4644356442126
1441,0.002,88.412,-275.86,312.2714356442126
1443,0.002,88.412,-276.667,313.07843564421256
1445,0.002,88.412,-277.473,313.8844356442126
1447,0.002,88.412,-278.28,314.69143564421256
1449,0.002,88.412,-279.086,315.4974356442126
1451,0.002,88.412,-279.893,316.30443564421256
1453,0.002,88.413,-280.699,317.1104362645598
1455,0.002,88.413,-281.506,317.91743626455974
1457,0.002,88.413,-282.312,318.7234362645598
1459,0.002,88.413,-283.119,319.5304362645598
1461,0.002,88.413,-283.925,320.3364362645598
1463,0.002,88.413,-284.732,321.1434362645598
1465,0.002,88.414,-285.539,321.9504368841382
1467,0.002,88.414,-286.345,322.7564368841382
1469,0.002,88.414,-287.152,323.5634368841382
1471,0.002,88.414,-287.958,324.3694368841382
1473,0.002,88.414,-288.765,325.1764368841382
1475,0.002,88.414,-289.571,325.9824368841382
1477,0.002,88.414,-290.378,326.7894368841382
1479,0.002,88.414,-291.184,327.5954368841382
1481,0.002,88.414,-291.991,328.4024368841382
1483,0.002,88.414,-292.797,329.2084368841382
1485,0.002,88.415,-293.604,330.0154375037166
1487,0.002,88.415,-294.411,330.8224375037166
1489,0.002,88.415,-295.217,331.6284375037166
1491,0.002,88.415,-296.024,332.4354375037166
1493,0.002,88.415,-296.83,333.2414375037166
1495,0.002,88.415,-297.636,334.04743750371665
1497,0.002,88.415,-298.433,334.8444375037166
1499,0.002,88.415,-299.213,335.62443750371665
1501,0.002,88.416,-299.971,336.38243816334693
1503,0.002,88.416,-300.708,337.11943816334696
1505,0.002,88.416,-301.43,337.84143816334694
1507,0.002,88.416,-302.139,338.55043816334694
1509,0.002,88.416,-302.839,339.2504381633469
1511,0.002,88.416,-303.528,339.93943816334695
1513,0.002,88.416,-304.203,340.6144381633469
1515,0.002,88.417,-304.863,341.27443892092225
1517,0.002,88.417,-305.508,341.91943892092223
1519,0.002,88.417,-306.14,342.55143892092224
1521,0.002,88.417,-306.757,343.16843892092226
1524,0.002,88.417,-307.542,343.9534389209222
2085,0.001,88.417,-308.187,344.59843892092226
2090,0.001,88.417,-308.907,345.31843892092223
2093,0.001,88.417,-309.519,345.93043892092226
2096,0.002,88.417,-310.257,346.66843892092226
2099,0.002,88.417,-311.071,347.4824389209223
2102,0.002,88.417,-311.956,348.36743892092227
2104,0.002,88.417,-312.594,349.00543892092224
2106,0.002,88.417,-313.234,349.64543892092223
2108,0.002,88.414,-313.852,350.2634462024327
2111,0.002,88.379,-314.734,351.1461403737061
2114,0.002,88.328,-315.579,351.9926780279188
2117,0.002,88.268,-316.422,352.8378105619039
2120,0.002,88.201,-317.265,353.6834688853419
2123,0.002,88.122,-318.083,354.5052748235049
2126,0.002,88.004,-318.893,355.3238247608941
2129,0.002,87.827,-319.758,356.20674831364374
2131,0.002,87.652,-320.377,356.8500103131432
2133,0.002,87.417,-321.032,357.5458910500514
2135,0.002,87.116,-321.716,358.2931908560196
2137,0.002,86.742,-322.42,359.0903683770273
2139,0.002,86.297,-323.122,359.9215296128895
2141,0.002,85.79,-323.775,360.74824479963763
2143,0.002,85.237,-324.358,361.5517981581647
2145,0.002,84.641,-324.867,362.33556917064215
2147,0.002,84.0,-325.311,363.1153236191706
2149,0.002,83.306,-325.661,363.89258547980705
2151,0.002,82.558,-325.92,364.6841567021238
2153,0.002,81.766,-326.116,365.5000488518593
2155,0.002,80.954,-326.261,366.32489368575233
2157,0.002,80.145,-326.358,367.1396881383599
2159,0.002,79.345,-326.423,367.94232441962305
2161,0.002,78.55,-326.467,368.73854109867466
2163,0.002,77.753,-326.498,369.53614375664415
2165,0.002,76.948,-326.519,370.341417623102
2167,0.002,76.136,-326.535,371.1535752432719
2169,0.002,75.325,-326.546,371.9646498391014
2171,0.002,74.516,-326.554,372.7736893931406
2173,0.002,73.711,-326.559,373.57870492094116
2175,0.002,72.908,-326.563,374.38171488351946
2177,0.002,72.103,-326.565,375.1867173679877
2179,0.002,71.296,-326.567,375.99371984629863
2181,0.002,70.488,-326.568,376.8017204651103
2183,0.002,69.681,-326.568,377.6087204651103
2185,0.002,68.874,-326.569,378.41572108468876
2187,0.002,68.068,-326.569,379.22172108468874
2189,0.002,67.262,-326.569,380.0277210846887
2191,0.002,66.456,-326.569,380.8337210846887
2193,0.002,65.649,-326.569,381.6407210846887
2195,0.002,64.842,-326.568,382.44772170426717
2197,0.002,64.036,-326.568,383.25372170426715
2199,0.002,63.229,-326.568,384.06072170426717
2201,0.002,62.423,-326.567,384.86672232461433
2203,0.002,61.617,-326.567,385.6727223246143
2205,0.002,60.81,-326.566,386.47972294419276
2207,0.002,60.003,-326.566,387.2867229441928
2209,0.002,59.197,-326.566,388.09272294419276
2211,0.002,58.39,-326.565,388.8997235637712
2213,0.002,57.584,-326.565,389.7057235637712
2215,0.002,56.777,-326.565,390.5127235637712
2217,0.002,55.971,-326.564,391.31872418411837
2219,0.002,55.164,-326.564,392.1257241841184
2221,0.002,54.358,-326.563,392.93172480446555
2223,0.002,53.551,-326.563,393.73872480446556
2225,0.002,52.745,-326.563,394.54472480446555
2227,0.002,51.938,-326.562,395.351725424044
2229,0.002,51.132,-326.562,396.157725424044
2231,0.002,50.325,-326.561,396.9647260436224
2233,0.002,49.519,-326.561,397.7707260436224
2235,0.002,48.712,-326.561,398.5777260436224
2237,0.002,47.906,-326.56,399.3837266639696
2239,0.002,47.099,-326.56,400.1907266639696
2241,0.002,46.293,-326.559,400.99672728431676
2243,0.002,45.486,-326.559,401.8037272843168
2245,0.002,44.68,-326.559,402.60972728431676
2247,0.002,43.873,-326.558,403.4167279038952
2249,0.002,43.067,-326.558,404.2227279038952
2251,0.002,42.26,-326.557,405.02972852347364
2253,0.002,41.453,-326.557,405.83672852347365
2255,0.002,40.647,-326.557,406.64272852347364
2257,0.002,39.84,-326.556,407.4497291430521
2259,0.002,39.034,-326.556,408.25572914305206
2261,0.002,38.227,-326.555,409.0627297626305
2263,0.002,37.421,-326.555,409.8687297626305
2265,0.002,36.614,-326.555,410.6757297626305
2267,0.002,35.808,-326.554,411.4817303829777
2269,0.002,35.001,-326.554,412.2887303829777
2271,0.002,34.195,-326.553,413.09473100332485
2273,0.002,33.388,-326.553,413.90173100332487
2275,0.002,32.582,-326.553,414.70773100332485
2277,0.002,31.775,-326.552,415.5147316229033
2279,0.002,30.969,-326.552,416.3207316229033
2281,0.002,30.162,-326.551,417.1277322424817
2283,0.002,29.356,-326.551,417.9337322424817
2285,0.002,28.549,-326.55,418.74073286206016
2287,0.002,27.743,-326.55,419.54673286206014
2289,0.002,26.936,-326.55,420.35373286206016
2291,0.002,26.13,-326.549,421.1597334824073
2293,0.002,25.323,-326.549,421.96673348240734
2295,0.002,24.517,-326.548,422.7727341027545
2297,0.002,23.71,-326.548,423.5797341027545
2299,0.002,22.904,-326.547,424.3857347231017
2301,0.002,22.097,-326.547,425.1927347231017
2303,0.002,21.291,-326.546,425.99873534344886
2305,0.002,20.484,-326.545,426.8057359630273
2307,0.002,19.678,-326.545,427.6117359630273
2309,0.002,18.876,-326.544,428.4137365864684
2311,0.002,18.099,-326.544,429.1907365864684
2313,0.002,17.355,-326.543,429.9347372585111
2315,0.002,16.636,-326.543,430.6537372585111
2317,0.002,15.928,-326.542,431.3617379647255
2319,0.002,15.211,-326.542,432.07873796472546
2321,0.002,14.476,-326.538,432.8137488489986
2323,0.002,13.721,-326.512,433.5691963984685
2325,0.002,12.942,-326.473,434.34917203911374
2327,0.002,12.155,-326.426,435.1375742207444
2329,0.002,11.376,-326.374,435.9183078500957
2331,0.002,10.611,-326.319,436.6852824259455
2333,0.001,9.855,-326.261,437.4435040294362
2335,0.001,9.099,-326.187,438.20311708882895
2337,0.001,8.333,-326.077,438.97697495691585
2339,0.001,7.559,-325.913,439.7681588799072
2341,0.001,6.795,-325.668,440.5704811343661
2343,0.0,6.064,-325.338,441.37251666973845
2345,0.001,5.38,-324.927,442.17049975226587
2347,0.001,4.752,-324.442,442.96397880050847
2349,0.001,4.182,-323.89,443.75745469806304
2351,0.001,3.677,-323.275,444.55322476535633
2353,0.001,3.233,-322.608,445.3544893908078
2355,0.001,2.857,-321.899,446.1570210101226
2357,0.001,2.562,-321.16,446.95272572922386
2359,0.001,2.351,-320.396,447.7453271422935
2361,0.001,2.198,-319.608,448.5480431568341
2363,0.001,2.089,-318.803,449.3603891422369
2365,0.002,2.019,-317.995,450.1714156522845
2367,0.002,1.976,-317.188,450.97956044129205
2369,0.002,1.951,-316.384,451.7839490289783
2371,0.002,1.939,-315.581,452.5870386877338
2373,0.002,1.937,-314.777,453.3910411752922
2375,0.002,1.937,-313.97,454.19804117529213
2377,0.002,1.941,-313.162,455.00605107622164
2379,0.002,1.945,-312.354,455.8140609771511
2381,0.002,1.951,-311.547,456.6210832816755
2383,0.002,1.958,-310.741,457.4271136781247
2385,0.002,1.964,-309.936,458.23213603806266
2387,0.002,1.97,-309.13,459.03815837025945
2389,0.002,1.975,-308.323,459.845173859578
2391,0.002,1.979,-307.516,460.652183772776
2393,0.002,1.983,-306.709,461.4591936859741
2395,0.002,1.987,-305.903,462.2652036114713
2397,0.002,1.991,-305.096,463.0722135246694
2399,0.002,1.994,-304.29,463.8782191077766
2401,0.002,1.997,-303.484,464.68422469088387
2403,0.002,1.999,-302.677,465.49122716919476
2405,0.002,2.001,-301.869,466.29922964443847
2407,0.002,2.003,-301.043,467.12523206574247
2409,0.002,2.004,-300.181,467.9872326457887
2411,0.002,2.006,-299.275,468.8932348532915
2413,0.002,2.007,-298.318,469.8502353757574
2415,0.001,2.008,-297.309,470.85923587129736
2417,0.001,2.01,-296.244,471.92423774923
2419,0.001,2.011,-295.126,473.0422381964571
2421,0.001,2.012,-293.958,474.21023862453916
2422,0.001,2.012,-293.355,474.81323862453917
2423,0.001,2.012,-292.742,475.42623862453917
2424,0.001,2.013,-292.116,476.05223942326074
2425,0.001,2.013,-291.479,476.68923942326074
2426,0.001,2.013,-290.83,477.33823942326075
2427,0.001,2.013,-290.17,477.9982394232607
2428,0.001,2.014,-289.499,478.66924016841676
2429,0.001,2.014,-288.817,479.3512401684168
2430,0.001,2.014,-288.123,480.0452401684168
2431,0.002,2.014,-287.419,480.7492401684168
2432,0.002,2.014,-286.703,481.4652401684168
2433,0.002,2.015,-285.977,482.1912408571217
2434,0.002,2.015,-285.239,482.9292408571217
2435,0.002,2.015,-284.491,483.6772408571217
2436,0.002,2.015,-283.732,484.4362408571217
2437,0.002,2.015,-282.963,485.2052408571217
2438,0.002,2.015,-282.182,485.9862408571217
2439,0.002,2.015,-281.391,486.7772408571217
2440,0.002,2.015,-280.59,487.5782408571217
2441,0.002,2.015,-279.778,488.3902408571217
2442,0.002,2.016,-278.955,489.2132414646549
2443,0.002,2.016,-278.123,490.0452414646549
2444,0.002,2.016,-277.28,490.8882414646549
2445,0.002,2.016,-276.426,491.7422414646549
2446,0.002,2.016,-275.563,492.6052414646549
2447,0.002,2.016,-274.689,493.4792414646549
2448,0.002,2.016,-273.805,494.3632414646549
2449,0.002,2.016,-272.911,495.2572414646549
2450,0.002,2.016,-272.007,496.1612414646549
2451,0.002,2.016,-271.093,497.0752414646549
2452,0.002,2.016,-270.169,497.9992414646549
2453,0.002,2.016,-269.236,498.9322414646549
2454,0.002,2.016,-268.292,499.8762414646549
2455,0.002,2.016,-267.339,500.8292414646549
2456,0.002,2.017,-266.376,501.7922419838656
2457,0.002,2.017,-265.404,502.7642419838656
2458,0.002,2.017,-264.422,503.74624198386556
2459,0.002,2.017,-263.43,504.7382419838656
2460,0.002,2.017,-262.429,505.7392419838656
2461,0.002,2.017,-261.418,506.7502419838656
2462,0.002,2.017,-260.398,507.77024198386556
2463,0.002,2.018,-259.369,508.7992424697741
2464,0.002,2.018,-258.331,509.8372424697741
2465,0.002,2.018,-257.283,510.8852424697741
2466,0.002,2.018,-256.226,511.9422424697741
2467,0.002,2.018,-255.16,513.0082424697741
2468,0.002,2.019,-254.084,514.0842429344581
2469,0.002,2.019,-253.0,515.168242934458
2470,0.002,2.019,-251.907,516.261242934458
2471,0.002,2.019,-250.804,517.3642429344579
2472,0.002,2.019,-249.693,518.4752429344579
2473,0.002,2.019,-248.573,519.5952429344579
2474,0.002,2.019,-247.444,520.724242934458
2475,0.002,2.02,-246.306,521.8622433738251
2476,0.002,2.02,-245.16,523.008243373825
2477,0.002,2.02,-244.005,524.163243373825
2478,0.002,2.02,-242.841,525.327243373825
2479,0.002,2.02,-241.669,526.499243373825
2480,0.002,2.02,-240.488,527.6802433738251
2481,0.002,2.02,-239.299,528.869243373825
2482,0.002,2.02,-238.101,530.067243373825
2483,0.002,2.019,-236.895,531.2732437884187
2484,0.002,2.019,-235.681,532.4872437884187
2485,0.002,2.019,-234.462,533.7062437884188
2486,0.002,2.018,-233.241,534.9272441979191
2487,0.002,2.018,-232.019,536.1492441979191
2488,0.002,2.018,-230.799,537.3692441979191
2489,0.002,2.017,-229.583,538.5852446091033
2490,0.002,2.017,-228.371,539.7972446091032
2491,0.002,2.016,-227.163,541.0052450230105
2492,0.002,2.015,-225.958,542.2102454379482
2493,0.002,2.015,-224.755,543.4132454379481
2494,0.002,2.014,-223.551,544.6172458532304
2495,0.002,2.013,-222.347,545.8212462685127
2496,0.002,2.012,-221.141,547.0272466831063
2497,0.002,2.011,-219.934,548.2342470973565
2498,0.002,2.011,-218.724,549.4442470973565
2499,0.002,2.01,-217.512,550.6562475098978
2500,0.002,2.009,-216.3,551.868247922439
2501,0.002,2.008,-215.088,553.0802483349802
2502,0.002,2.007,-213.876,554.2922487475214
2503,0.002,2.006,-212.665,555.5032491604032
2504,0.002,2.005,-211.455,556.7132495736263
2505,0.002,2.004,-210.245,557.9232499868493
2506,0.002,2.003,-209.037,559.1312504007566
2507,0.002,2.003,-207.829,560.3392504007566
2508,0.002,2.002,-206.621,561.5472508146638
2509,0.002,2.001,-205.413,562.7552512285711
2510,0.002,2.0,-204.204,563.9642516421359
2511,0.002,1.999,-202.995,565.1732520557007
2512,0.002,1.999,-201.786,566.3822520557007
2513,0.002,1.998,-200.576,567.5922524689238
2514,0.002,1.997,-199.366,568.8022528821468
2515,0.002,1.996,-198.156,570.0122532953699
2516,0.002,1.996,-196.946,571.2222532953699
2517,0.002,1.995,-195.737,572.4312537089347
2518,0.002,1.994,-194.527,573.6412541221578
2519,0.002,1.993,-193.317,574.8512545353808
2520,0.002,1.993,-192.108,576.0602545353809
2521,0.002,1.992,-190.899,577.2692549489457
2522,0.002,1.991,-189.69,578.4782553625105
2523,0.002,1.991,-188.481,579.6872553625105
2524,0.002,1.99,-187.274,580.8942557767607
2525,0.002,1.99,-186.072,582.0962557767607
2526,0.002,1.989,-184.878,583.2902561955211
2527,0.002,1.989,-183.698,584.4702561955211
2528,0.002,1.988,-182.534,585.6342566250743
2529,0.002,1.987,-181.389,586.7792570617554
2530,0.002,1.987,-180.263,587.9052570617554
2531,0.002,1.986,-179.156,589.0122575134264
2532,0.002,1.986,-178.069,590.0992575134264
2533,0.002,1.986,-177.002,591.1662575134264
2534,0.002,1.985,-175.952,592.2162579896168
2535,0.002,1.985,-174.919,593.2492579896168
2536,0.002,1.984,-173.901,594.2672584807758
2537,0.002,1.984,-172.896,595.2722584807758
2538,0.002,1.983,-171.901,596.2672589832882
2539,0.002,1.983,-170.918,597.2502589832882
2540,0.002,1.983,-169.945,598.2232589832881
2541,0.002,1.982,-168.982,599.1862595024988
2542,0.002,1.982,-168.03,600.1382595024988
2543,0.002,1.981,-167.09,601.0782600344136
2544,0.002,1.981,-166.163,602.0052600344136
2545,0.002,1.98,-165.249,602.9192605814594
2546,0.002,1.98,-164.347,603.8212605814595
2547,0.002,1.98,-163.459,604.7092605814595
2548,0.002,1.979,-162.583,605.5852611522356
2549,0.002,1.979,-161.719,606.4492611522356
2550,0.002,1.978,-160.867,607.3012617390899
2551,0.002,1.978,-160.025,608.1432617390899
2552,0.002,1.977,-159.194,608.9742623407744
2553,0.002,1.977,-158.374,609.7942623407744
2554,0.002,1.977,-157.564,610.6042623407743
2555,0.002,1.976,-156.766,611.4022629673404
2556,0.002,1.976,-155.979,612.1892629673405
2557,0.002,1.975,-155.204,612.9642636125016
2558,0.002,1.975,-154.439,613.7292636125015
2559,0.002,1.975,-153.686,614.4822636125016
2560,0.002,1.974,-152.943,615.2252642854488
2561,0.002,1.974,-152.209,615.9592642854489
2562,0.002,1.973,-151.485,616.6832649760562
2563,0.002,1.973,-150.77,617.3982649760562
2564,0.002,1.973,-150.064,618.1042649760562
2565,0.002,1.972,-149.367,618.801265693416
2566,0.002,1.972,-148.679,619.489265693416
2567,0.002,1.972,-147.999,620.169265693416
2568,0.002,1.971,-147.328,620.8402664385721
2569,0.002,1.971,-146.665,621.5032664385722
2570,0.002,1.971,-146.011,622.1572664385722
2571,0.002,1.97,-145.366,622.8022672137655
2572,0.002,1.97,-144.729,623.4392672137656
2573,0.002,1.97,-144.1,624.0682672137656
2574,0.002,1.969,-143.479,624.689268018918
2575,0.002,1.969,-142.867,625.3012680189181
2576,0.002,1.969,-142.263,625.9052680189182
2578,0.002,1.968,-141.077,627.0912684405032
2580,0.002,1.968,-139.922,628.2462684405032
2582,0.002,1.967,-138.796,629.3722688845528
2584,0.002,1.966,-137.699,630.4692693403412
2586,0.002,1.966,-136.63,631.5382693403412
2588,0.002,1.965,-135.589,632.5792698206485
2590,0.002,1.965,-134.576,633.5922698206485
2592,0.002,1.964,-133.589,634.579270327234
2594,0.002,1.964,-132.628,635.540270327234
2596,0.002,1.963,-131.691,636.4772708608517
2598,0.002,1.963,-130.778,637.3902708608517
2600,0.002,1.962,-129.89,638.2782714239146
2602,0.002,1.961,-129.035,639.1332720087097
2604,0.002,1.961,-128.217,639.9512720087097
2606,0.002,1.96,-127.428,640.740272642423
2608,0.002,1.96,-126.649,641.519272642423
2610,0.002,1.96,-125.857,642.311272642423
2612,0.002,1.959,-125.045,643.1232732581863
2614,0.002,1.959,-124.223,643.9452732581863
2616,0.002,1.958,-123.405,644.763273869433
2618,0.002,1.958,-122.598,645.570273869433
2620,0.002,1.958,-121.798,646.3702738694329
2622,0.002,1.957,-121.0,647.1682744959991
2624,0.002,1.957,-120.196,647.972274495999
2626,0.002,1.956,-119.387,648.7812751140458
2628,0.002,1.956,-118.576,649.5922751140458
2630,0.002,1.956,-117.767,650.4012751140458
2632,0.002,1.955,-116.961,651.207275734393
2634,0.002,1.955,-116.157,652.0112757343929
2636,0.002,1.954,-115.352,652.8162763555107
2638,0.002,1.954,-114.546,653.6222763555107
2640,0.002,1.954,-113.739,654.4292763555108
2642,0.002,1.953,-112.931,655.2372769743224
2644,0.002,1.953,-112.124,656.0442769743224
2646,0.002,1.952,-111.318,656.8502775946696
2648,0.002,1.952,-110.512,657.6562775946696
2650,0.002,1.952,-109.706,658.4622775946697
2652,0.002,1.951,-108.9,659.2682782150168
2654,0.002,1.951,-108.093,660.0752782150169
2656,0.002,1.95,-107.286,660.8822788345954
2658,0.002,1.95,-106.479,661.6892788345954
2660,0.002,1.949,-105.673,662.4952794549425
2662,0.002,1.949,-104.867,663.3012794549426
2664,0.002,1.948,-104.06,664.1082800745211
2666,0.002,1.948,-103.254,664.9142800745211
2668,0.002,1.947,-102.447,665.7212806940996
2670,0.002,1.947,-101.641,666.5272806940997
2672,0.002,1.946,-100.834,667.3342813136782
2674,0.002,1.946,-100.028,668.1402813136782
2676,0.002,1.946,-99.221,668.9472813136782
2678,0.002,1.945,-98.415,669.7532819340254
2680,0.002,1.945,-97.608,670.5602819340254
2682,0.002,1.945,-96.802,671.3662819340254
2684,0.002,1.944,-95.995,672.1732825536039
2686,0.002,1.944,-95.189,672.979282553604
2688,0.002,1.944,-94.382,673.786282553604
2690,0.002,1.943,-93.576,674.5922831739512
2692,0.002,1.943,-92.77,675.3982831739512
2694,0.002,1.943,-91.963,676.2052831739512
2696,0.002,1.942,-91.157,677.0112837942984
2698,0.002,1.942,-90.35,677.8182837942984
2700,0.002,1.942,-89.544,678.6242837942984
2702,0.002,1.942,-88.737,679.4312837942985
2704,0.002,1.942,-87.931,680.2372837942985
2706,0.002,1.942,-87.124,681.0442837942985
2708,0.002,1.942,-86.318,681.8502837942985
2710,0.002,1.942,-85.512,682.6562837942986
2712,0.002,1.942,-84.705,683.4632837942986
2714,0.002,1.942,-83.899,684.2692837942986
2716,0.002,1.942,-83.092,685.0762837942987
2718,0.002,1.942,-82.286,685.8822837942987
2720,0.002,1.943,-81.479,686.6892844138772
2722,0.002,1.943,-80.673,687.4952844138772
2724,0.002,1.943,-79.866,688.3022844138773
2726,0.002,1.944,-79.06,689.1082850342244
2728,0.002,1.944,-78.253,689.9152850342244
2730,0.002,1.944,-77.447,690.7212850342245
2732,0.002,1.944,-76.64,691.5282850342245
2734,0.002,1.945,-75.834,692.3342856545717
2736,0.002,1.945,-75.027,693.1412856545717
2738,0.002,1.945,-74.221,693.9472856545717
2740,0.002,1.946,-73.414,694.7542862741502
2742,0.002,1.946,-72.608,695.5602862741503
2744,0.002,1.946,-71.801,696.3672862741503
2746,0.002,1.947,-70.995,697.1732868944974
2748,0.002,1.947,-70.188,697.9802868944975
2750,0.002,1.947,-69.382,698.7862868944975
2752,0.002,1.948,-68.575,699.593287514076
2754,0.002,1.948,-67.769,700.399287514076
2756,0.002,1.948,-66.962,701.206287514076
2758,0.002,1.948,-66.156,702.0122875140761
2760,0.002,1.949,-65.349,702.8192881336546
2762,0.002,1.949,-64.543,703.6252881336546
2764,0.002,1.949,-63.736,704.4322881336547
2766,0.002,1.95,-62.93,705.2382887540018
2768,0.002,1.95,-62.123,706.0452887540018
2770,0.002,1.95,-61.317,706.8512887540019
2772,0.002,1.95,-60.51,707.6582887540019
2774,0.002,1.951,-59.704,708.464289374349
2776,0.002,1.951,-58.897,709.2712893743491
2778,0.002,1.951,-58.091,710.0772893743491
2780,0.002,1.951,-57.285,710.8832893743491
2782,0.002,1.952,-56.478,711.6902899939275
2784,0.002,1.952,-55.672,712.4962899939276
2786,0.002,1.952,-54.865,713.3032899939276
2788,0.002,1.953,-54.059,714.1092906142748
2790,0.002,1.953,-53.252,714.9162906142748
2792,0.002,1.954,-52.446,715.7222912346219
2794,0.002,1.954,-51.639,716.529291234622
2796,0.002,1.954,-50.833,717.335291234622
2798,0.002,1.955,-50.026,718.1422918542004
2800,0.002,1.955,-49.22,718.9482918542004
2802,0.002,1.955,-48.413,719.7552918542004
2804,0.002,1.956,-47.607,720.5612924745476
2806,0.002,1.956,-46.8,721.3682924745476
2808,0.002,1.956,-45.994,722.1742924745477
2810,0.002,1.956,-45.187,722.9812924745477
2812,0.002,1.957,-44.381,723.7872930948948
2814,0.002,1.957,-43.574,724.5942930948949
2816,0.002,1.957,-42.768,725.4002930948949
2818,0.002,1.958,-41.961,726.2072937144734
2820,0.002,1.958,-41.155,727.0132937144734
2822,0.002,1.958,-40.348,727.8202937144735
2824,0.002,1.958,-39.542,728.6262937144735
2826,0.002,1.959,-38.735,729.433294334052
2828,0.002,1.959,-37.929,730.239294334052
2830,0.002,1.959,-37.122,731.046294334052
2832,0.002,1.959,-36.316,731.8522943340521
2834,0.002,1.96,-35.509,732.6592949536306
2836,0.002,1.96,-34.703,733.4652949536306
2838,0.002,1.96,-33.896,734.2722949536306
2840,0.002,1.961,-33.09,735.0782955739778
2842,0.002,1.961,-32.283,735.8852955739778
2844,0.002,1.961,-31.477,736.6912955739779
2846,0.002,1.962,-30.671,737.497296194325
2848,0.002,1.962,-29.864,738.304296194325
2850,0.002,1.962,-29.058,739.1102961943251
2852,0.002,1.963,-28.251,739.9172968139036
2854,0.002,1.963,-27.445,740.7232968139036
2856,0.002,1.963,-26.638,741.5302968139036
2858,0.002,1.964,-25.832,742.3362974342508
2860,0.002,1.964,-25.025,743.1432974342508
2862,0.002,1.964,-24.219,743.9492974342509
2864,0.002,1.965,-23.412,744.7562980538294
2866,0.002,1.965,-22.606,745.5622980538294
2868,0.002,1.965,-21.799,746.3692980538294
2870,0.002,1.965,-20.993,747.1752980538295
2872,0.002,1.966,-20.186,747.982298673408
2874,0.002,1.966,-19.38,748.788298673408
2876,0.002,1.966,-18.589,749.5792986734081
2878,0.002,1.967,-17.83,750.3382993321693
2880,0.002,1.967,-17.1,751.0682993321693
2882,0.002,1.967,-16.39,751.7782993321694
2884,0.002,1.968,-15.682,752.4863000383837
2886,0.002,1.968,-14.958,753.2103000383837
2888,0.002,1.979,-14.214,753.9543813511447
2890,0.002,2.001,-13.446,754.7226963906955
2892,0.002,2.028,-12.662,755.5071611763934
2894,0.002,2.06,-11.881,756.2888164712645
2896,0.002,2.093,-11.113,757.0575251286893
2898,0.002,2.128,-10.356,757.8153338116695
2900,0.001,2.165,-9.602,758.5702410907442
2902,0.001,2.216,-8.843,759.3309525997935
2904,0.001,2.3,-8.074,760.1045267720614
2906,0.001,2.435,-7.298,760.8921821535577
2908,0.0,2.65,-6.53,761.6897089556151
2910,0.0,2.952,-5.789,762.4898870607891
2912,0.0,3.337,-5.088,763.2896532766297
2914,0.0,3.806,-4.452,764.079879193694
2916,0.0,4.35,-3.879,764.8699836171722
2918,0.0,4.962,-3.371,765.6653501993217
2920,0.0,5.632,-2.937,766.4636333571046
2922,0.0,6.347,-2.586,767.2601419885707
2924,0.001,7.096,-2.334,768.0503982761129
2926,0.001,7.874,-2.159,768.8478373019951
2928,0.001,8.676,-2.038,769.6589137472208
2930,0.001,9.487,-1.96,770.4736560377643
2932,0.002,10.296,-1.912,771.2840787669618
2934,0.002,11.1,-1.886,772.0884990551197
2936,0.002,11.901,-1.874,772.8895889377171
2938,0.002,12.703,-1.871,773.6915945486701
2940,0.002,13.509,-1.875,774.4976044741672
2942,0.002,14.318,-1.883,775.3066440282065
2944,0.002,15.127,-1.893,776.115705830543
2946,0.002,15.934,-1.901,776.9227454826048
2948,0.002,16.74,-1.909,777.7287851838603
2950,0.002,17.545,-1.916,778.5338156180676
2952,0.002,18.35,-1.924,779.338855368639
2954,0.002,19.157,-1.931,780.1458857274235
2956,0.002,19.964,-1.938,780.9529160862081
2958,0.002,20.771,-1.943,781.7599315755266
2960,0.002,21.578,-1.947,782.5669414887246
2962,0.002,22.384,-1.95,783.3729470718318
2964,0.002,23.19,-1.954,784.178956997329
2966,0.002,23.996,-1.957,784.9849625804362
2968,0.002,24.803,-1.959,785.7919650587471
2970,0.002,25.61,-1.961,786.598967537058
2972,0.002,26.416,-1.963,787.4049700184438
2974,0.002,27.223,-1.964,788.2119706380223
2976,0.002,28.029,-1.965,789.0179712583695
2978,0.002,28.836,-1.967,789.8249737366804
2980,0.002,29.642,-1.968,790.6309743570275
2982,0.002,30.448,-1.968,791.4369743570276
2984,0.002,31.255,-1.969,792.2439749766061
2986,0.002,32.062,-1.969,793.0509749766061
2988,0.002,32.868,-1.969,793.8569749766061
2990,0.002,33.674,-1.97,794.6629755969533
2992,0.002,34.481,-1.97,795.4699755969533
2994,0.002,35.287,-1.97,796.2759755969533
2996,0.002,36.094,-1.97,797.0829755969534
2998,0.002,36.9,-1.97,797.8889755969534
3000,0.002,37.707,-1.97,798.6959755969534
3002,0.002,38.513,-1.97,799.5019755969535
3004,0.002,39.32,-1.97,800.3089755969535
3006,0.002,40.126,-1.97,801.1149755969535
3008,0.002,40.933,-1.97,801.9219755969535
3010,0.002,41.739,-1.969,802.7279762173007
3012,0.002,42.546,-1.969,803.5349762173007
3014,0.002,43.352,-1.969,804.3409762173007
3016,0.002,44.159,-1.969,805.1479762173008
3018,0.002,44.965,-1.969,805.9539762173008
3020,0.002,45.772,-1.968,806.7609768368792
3022,0.002,46.578,-1.968,807.5669768368792
3024,0.002,47.385,-1.968,808.3739768368793
3026,0.002,48.191,-1.968,809.1799768368793
3028,0.002,48.998,-1.967,809.9869774564577
3030,0.002,49.804,-1.967,810.7929774564577
3032,0.002,50.611,-1.967,811.5999774564577
3034,0.002,51.417,-1.967,812.4059774564578
3036,0.002,52.224,-1.967,813.2129774564578
3038,0.002,53.03,-1.967,814.0189774564578
3040,0.002,53.837,-1.966,814.8259780760363
3042,0.002,54.643,-1.966,815.6319780760364
3044,0.002,55.45,-1.966,816.4389780760364
3046,0.002,56.256,-1.965,817.2449786963836
3048,0.002,57.063,-1.965,818.0519786963836
3050,0.002,57.869,-1.965,818.8579786963836
3052,0.002,58.676,-1.964,819.6649793159621
3054,0.002,59.482,-1.964,820.4709793159622
3056,0.002,60.282,-1.964,821.2709793159621
3058,0.002,61.068,-1.964,822.056979315962
3060,0.002,61.833,-1.963,822.8219799695565
3062,0.002,62.576,-1.963,823.5649799695566
3064,0.002,63.302,-1.963,824.2909799695566
3066,0.002,64.014,-1.963,825.0029799695566
3068,0.002,64.717,-1.962,825.7059806807938
3070,0.002,65.409,-1.962,826.3979806807938
3072,0.002,66.088,-1.962,827.0769806807938
3074,0.002,66.753,-1.961,827.741981432673
3076,0.002,67.402,-1.961,828.390981432673
3078,0.002,68.034,-1.961,829.0229814326731
3081,0.002,68.858,-1.959,829.8469838598539
3594,0.001,69.458,-1.958,830.4469846931867
3599,0.001,70.104,-1.959,831.09298546718
3603,0.001,70.892,-1.96,831.8809861016975
3606,0.002,71.629,-1.96,832.6179861016975
3609,0.002,72.444,-1.96,833.4329861016975
3612,0.002,73.329,-1.96,834.3179861016974
3614,0.002,73.973,-1.96,834.9619861016974
3616,0.002,74.625,-1.96,835.6139861016975
3618,0.002,75.256,-1.961,836.2449868940901
3620,0.002,75.862,-1.963,836.8509901944111
3623,0.002,76.727,-1.966,837.7159953967076
3626,0.002,77.565,-1.969,838.5540007666189
3629,0.002,78.41,-1.972,839.3990060920459
3632,0.002,79.251,-1.976,840.2400156044772
3635,0.002,80.059,-1.995,841.048238964694
3638,0.002,80.851,-2.081,841.8448944736814
3641,0.002,81.707,-2.208,842.7102643368036
3643,0.002,82.334,-2.315,843.3463287989456
3645,0.002,83.014,-2.439,844.0375422247412
3647,0.002,83.736,-2.584,844.773958547211
3649,0.002,84.469,-2.776,845.5316873905316
3651,0.002,85.208,-3.031,846.313445665192
3653,0.002,85.932,-3.38,847.1171726088738
3655,0.002,86.612,-3.815,847.9244055368445
3657,0.002,87.195,-4.336,848.7062814860844
3659,0.002,87.654,-4.934,849.460128287497
3661,0.002,88.007,-5.609,850.2218592111177
3663,0.002,88.274,-6.358,851.0170258603177
3665,0.002,88.456,-7.158,851.837467204961
3667,0.002,88.571,-7.975,852.6625211425917
3669,0.002,88.636,-8.787,853.4771185891873
3671,0.002,88.663,-9.587,854.2775740845148
3673,0.002,88.666,-10.379,855.0695797663126
3675,0.002,88.652,-11.176,855.866702717933
3677,0.002,88.628,-11.982,856.6730599588628
3679,0.002,88.607,-12.795,857.4863311313509
3681,0.002,88.585,-13.607,858.2986291062344
3683,0.002,88.562,-14.415,859.1069563914352
3685,0.002,88.54,-15.219,859.9112573301392
3687,0.002,88.518,-16.021,860.7135590190318
3689,0.002,88.497,-16.826,861.5188328854896
3691,0.002,88.481,-17.633,862.3259914820492
3693,0.002,88.468,-18.441,863.1340960544901
3695,0.002,88.456,-19.249,863.942185158488
3697,0.002,88.445,-20.055,864.7482602170278
3699,0.002,88.434,-20.861,865.5543352755676
3701,0.002,88.425,-21.666,866.3593855845546
3703,0.002,88.418,-22.473,867.1664159433392
3705,0.002,88.413,-23.279,867.9724314518749
3707,0.002,88.408,-24.086,868.7794469411933
3709,0.002,88.403,-24.893,869.5864624305118
3711,0.002,88.399,-25.7,870.3934723437098
3713,0.002,88.395,-26.506,871.199482269207
3715,0.002,88.392,-27.311,872.0044878592497
3717,0.002,88.39,-28.109,872.8024903655114
3719,0.002,88.388,-28.889,873.5824929296098
3721,0.002,88.386,-29.648,874.3414955646513
3723,0.002,88.385,-30.385,875.078496243077
3725,0.002,88.383,-31.107,875.8004990131548
3727,0.002,88.382,-31.817,876.5104997173797
3729,0.002,88.381,-32.517,877.2105004316651
3731,0.002,88.381,-33.206,877.899500431665
3733,0.002,88.38,-33.881,878.5745011724053
3735,0.002,88.379,-34.541,879.2345019299806
3737,0.002,88.379,-35.186,879.8795019299806
3739,0.002,88.378,-35.818,880.5115027211193
3741,0.002,88.378,-36.428,881.1215027211193
3744,0.002,88.378,-37.093,881.7865027211193
